,lets,freq
0, ,0.1918182
1,a,0.0651738
2,b,0.0124248
3,c,0.0217339
4,d,0.0349835
5,e,0.1041442
6,f,0.0197881
7,g,0.015861
8,h,0.0492888
9,i,0.0558094
10,j,0.0009033
11,k,0.0050529
12,l,0.033149
13,m,0.0202124
14,n,0.0564513
15,o,0.0596302
16,p,0.0137645
17,q,0.0008606
18,r,0.0497563
19,s,0.051576
20,t,0.0729357
21,u,0.0225134
22,v,0.0082903
23,w,0.0171272
24,x,0.0013692
25,y,0.0145984
26,z,0.0007836
